{
	"class_name" : "ViewTrajectory",
	"interval" : 29,
	"is_loop" : false,
	"trajectory" :
	[
		{
			"boundingbox_max" : [ 75.476997375488281, 1000.5, 1000.1915463199829 ],
			"boundingbox_min" : [ -1000.6915463199829, -26.580999374389648, -20.033000946044922 ],
			"field_of_view" : 60.0,
			"front" : [ -0.66260876872581986, -0.47174568183736071, 0.58172642305078137 ],
			"lookat" : [ -28.468964067453648, -11.392253728223224, 11.267292097053357 ],
			"up" : [ 0.43849696633957858, 0.38532375858847656, 0.81193966005993079 ],
			"zoom" : 10
		}
	],
	"version_major" : 1,
	"version_minor" : 0
}